City_ID,City,Country,Lat,Lng,Max Temp,Humidity,Cloudiness,Wind Speed,Current Description
0,Thompson,CA,55.7435,-97.8558,82.56,39,0,11.5,smoke
1,Laurel,US,39.0993,-76.8483,92.44,55,40,6.91,scattered clouds
2,Mataura,NZ,-46.1927,168.8643,41.49,90,89,3.18,overcast clouds
3,Hilo,US,19.7297,-155.09,85.28,86,75,8.05,light rain
4,Bengkulu,ID,-3.8004,102.2655,76.46,92,59,4.68,broken clouds
5,Conway,US,35.0887,-92.4421,100.81,44,0,3.0,clear sky
6,Saint George,US,37.1041,-113.5841,104.79,20,0,5.01,clear sky
7,Guaruja,BR,-23.9931,-46.2564,69.66,88,100,3.44,light intensity drizzle
8,Nikolskoye,RU,59.7035,30.7861,62.49,95,51,5.14,broken clouds
9,Avarua,CK,-21.2078,-159.775,73.45,68,40,8.05,scattered clouds
10,Vaini,TO,-21.2,-175.2,71.76,100,40,9.22,scattered clouds
11,Biak,ID,-0.9131,122.8766,74.91,89,95,4.43,overcast clouds
12,Ushuaia,AR,-54.8,-68.3,40.66,65,20,2.3,few clouds
13,Port Alfred,ZA,-33.5906,26.891,60.19,91,96,3.0,overcast clouds
14,Yellowknife,CA,62.456,-114.3525,73.92,60,75,12.66,broken clouds
15,Bluff,NZ,-46.6,168.3333,41.81,73,89,13.67,overcast clouds
16,Chattanooga,US,35.0456,-85.3097,88.79,77,40,8.05,scattered clouds
17,Miri,MY,4.4148,114.0089,77.14,100,40,2.3,scattered clouds
18,Lebu,CL,-37.6167,-73.65,51.28,66,1,3.6,clear sky
19,Abeche,TD,13.8292,20.8324,78.3,66,100,8.99,overcast clouds
20,Veraval,IN,20.9,70.3667,80.31,86,100,16.28,overcast clouds
21,Hermanus,ZA,-34.4187,19.2345,53.74,73,32,4.59,scattered clouds
22,Narsaq,GL,60.9167,-46.05,55.62,87,100,5.14,light rain
23,Moose Factory,CA,51.2585,-80.6094,62.6,77,75,13.8,haze
24,Georgetown,MY,5.4112,100.3354,79.9,92,20,3.44,few clouds
25,Atuona,PF,-9.8,-139.0333,78.42,62,10,11.59,clear sky
26,Bilma,NE,18.6853,12.9164,95.7,14,5,7.07,clear sky
27,Cape Town,ZA,-33.9258,18.4232,54.91,78,20,6.91,few clouds
28,Komsomolskiy,UZ,40.4272,71.7189,81.32,29,0,9.22,clear sky
29,Torbay,CA,47.6666,-52.7314,71.89,82,100,14.97,overcast clouds
30,Pisco,PE,-13.7,-76.2167,64.45,77,42,10.36,haze
31,Busselton,AU,-33.65,115.3333,58.37,79,100,10.38,light rain
32,Kodiak,US,57.79,-152.4072,56.71,72,0,8.05,clear sky
33,Bredasdorp,ZA,-34.5322,20.0403,47.39,88,13,4.34,few clouds
34,Kaitangata,NZ,-46.2817,169.8464,43.86,78,96,6.82,overcast clouds
35,Santiago Del Estero,AR,-27.7951,-64.2615,68.0,35,0,6.98,clear sky
36,Tuktoyaktuk,CA,69.4541,-133.0374,50.0,93,100,12.66,overcast clouds
37,Bafra,TR,41.5678,35.9069,70.83,74,8,5.39,clear sky
38,Poum,NC,-20.2333,164.0167,75.52,85,3,9.17,light rain
39,Rikitea,PF,-23.1203,-134.9692,74.16,73,0,10.25,clear sky
40,Cabo San Lucas,MX,22.8909,-109.9124,94.6,70,89,3.0,overcast clouds
41,Loukhi,RU,66.0764,33.0381,54.03,96,100,11.77,light rain
42,Puerto Ayora,EC,-0.7393,-90.3518,78.76,95,54,5.99,broken clouds
43,Yinchuan,CN,38.4681,106.2731,67.71,57,0,6.4,clear sky
44,Hobart,AU,-42.8794,147.3294,39.06,88,5,10.36,clear sky
45,Isangel,VU,-19.55,169.2667,75.96,89,14,8.97,few clouds
46,Chokurdakh,RU,70.6333,147.9167,38.23,78,100,7.16,overcast clouds
47,Mar Del Plata,AR,-38.0023,-57.5575,55.94,58,0,18.01,clear sky
48,New Norfolk,AU,-42.7826,147.0587,38.71,85,4,2.82,clear sky
49,Yulara,AU,-25.2406,130.9889,49.01,52,0,10.07,clear sky
50,Albany,US,42.6001,-73.9662,90.03,48,99,1.01,overcast clouds
51,Caluquembe,AO,-13.7833,14.6833,58.69,40,1,4.38,clear sky
52,Nabire,ID,-3.3667,135.4833,73.69,95,100,2.82,overcast clouds
53,Minna,NG,9.6139,6.5569,75.49,70,14,4.5,few clouds
54,Carutapera,BR,-1.195,-46.02,80.55,79,77,7.05,broken clouds
55,Sitka,US,57.0531,-135.33,55.29,88,100,5.75,overcast clouds
56,Yevpatoriya,UA,45.1972,33.3558,67.69,59,0,7.7,clear sky
57,Dikson,RU,73.5069,80.5464,45.61,82,70,11.34,broken clouds
58,Padang,ID,-0.9492,100.3543,77.27,87,60,2.08,broken clouds
59,Lamu,KE,-2.2717,40.902,71.82,77,97,17.49,overcast clouds
60,Ribeira Grande,PT,38.5167,-28.7,73.8,94,40,6.91,scattered clouds
61,Dwarka,IN,22.2394,68.9678,81.52,84,81,17.78,broken clouds
62,Carlagan,PH,14.975,122.0456,83.01,79,59,10.11,broken clouds
63,Vondrozo,MG,-22.8167,47.2833,57.04,93,48,2.19,light rain
64,Caravelas,BR,-17.7125,-39.2481,72.9,74,3,5.95,clear sky
65,Qaanaaq,GL,77.484,-69.3632,43.79,66,7,3.22,clear sky
66,Portree,GB,57.4129,-6.1942,55.53,94,100,4.97,overcast clouds
67,Carnarvon,AU,-24.8667,113.6333,64.35,48,36,6.55,scattered clouds
68,Minab,IR,27.1467,57.0801,91.72,62,34,3.44,scattered clouds
69,Gari,RU,59.4307,62.3497,63.3,91,100,6.31,light rain
70,Norman Wells,CA,65.282,-126.8329,66.24,59,75,11.5,broken clouds
71,Tabuk,PH,17.4189,121.4443,74.61,89,16,2.46,few clouds
72,Iqaluit,CA,63.7506,-68.5145,38.93,100,100,6.91,light rain
73,Grindavik,IS,63.8424,-22.4338,55.87,82,0,12.66,clear sky
74,Guerrero Negro,MX,27.9769,-114.0611,84.67,40,87,9.55,overcast clouds
75,Punta Arenas,CL,-53.15,-70.9167,42.91,75,40,12.66,scattered clouds
76,Ostrovnoy,RU,68.0531,39.5131,50.27,89,100,10.63,overcast clouds
77,Broome,US,42.2506,-75.833,92.62,50,20,12.66,few clouds
78,Arraial Do Cabo,BR,-22.9661,-42.0278,76.96,73,0,10.36,clear sky
79,Airai,TL,-8.9266,125.4092,52.99,77,89,3.36,overcast clouds
80,Alihe,CN,50.5667,123.7167,60.98,96,0,1.99,clear sky
81,Beaufort,MY,5.3473,115.7455,74.89,89,66,2.64,broken clouds
82,Port Elizabeth,ZA,-33.918,25.5701,57.49,97,100,13.8,moderate rain
83,Butaritari,KI,3.0707,172.7902,81.72,78,98,15.73,light rain
84,Surt,LY,31.2089,16.5887,80.53,65,0,10.04,clear sky
85,Saint-Philippe,RE,-21.3585,55.7679,64.22,79,42,21.18,light rain
86,Tuatapere,NZ,-46.1333,167.6833,42.46,90,100,3.02,overcast clouds
87,Jamestown,US,42.097,-79.2353,86.95,54,0,14.97,clear sky
88,Bethel,US,41.3712,-73.414,91.36,51,0,11.5,clear sky
89,Ningyang,CN,35.7642,116.7914,76.71,70,100,7.16,light rain
90,Bolama,GW,11.5833,-15.4667,77.34,86,100,12.59,light rain
91,Norrtalje,SE,59.758,18.705,62.78,66,70,3.83,broken clouds
92,Rio Gallegos,AR,-51.6226,-69.2181,42.85,65,0,28.77,clear sky
93,Chuy,UY,-33.6971,-53.4616,51.15,75,1,5.14,clear sky
94,Camapua,BR,-19.5314,-54.0439,90.46,15,72,7.78,broken clouds
95,Vargashi,RU,55.3556,65.8467,64.78,97,100,7.47,moderate rain
96,Ushumun,RU,52.7833,126.5333,56.8,94,100,5.39,overcast clouds
97,Kapaa,US,22.0752,-159.319,82.38,74,75,18.41,broken clouds
98,Mahebourg,MU,-20.4081,57.7,70.25,68,40,21.85,scattered clouds
99,Khatanga,RU,71.9667,102.5,42.78,59,100,17.05,overcast clouds
100,San Andres,CO,12.5847,-81.7006,87.82,74,20,14.97,few clouds
101,Vardo,NO,70.3705,31.1107,53.58,100,75,3.44,broken clouds
102,Nanortalik,GL,60.1432,-45.2371,47.52,93,100,13.11,light rain
103,Luderitz,NA,-26.6481,15.1594,58.68,68,0,18.37,clear sky
104,Barrow,US,71.2906,-156.7887,46.42,66,0,9.22,clear sky
105,Tiksi,RU,71.6872,128.8694,34.07,94,98,14.27,overcast clouds
106,Yumen,CN,40.2833,97.2,70.92,31,99,11.68,overcast clouds
107,Dunedin,NZ,-45.8742,170.5036,44.02,85,98,6.8,overcast clouds
108,Faya,SA,18.3851,42.4509,66.72,54,100,4.85,heavy intensity rain
109,Chengde,CN,40.9725,117.9361,67.24,88,71,0.63,broken clouds
110,Custoias,PT,41.1053,-7.321,68.63,52,0,6.13,clear sky
111,Ust-Nera,RU,64.5667,143.2,68.31,69,45,0.58,scattered clouds
112,Kichera,RU,55.9375,110.0997,56.05,88,89,1.52,overcast clouds
113,Geraldton,AU,-28.7667,114.6,55.81,88,100,3.44,overcast clouds
114,Deputatskiy,RU,69.3,139.9,32.54,99,100,4.45,overcast clouds
115,Zhigansk,RU,66.7697,123.3711,38.53,80,86,21.52,overcast clouds
116,Georgiyevskoye,RU,58.731,45.024,55.17,91,100,12.17,overcast clouds
117,Souillac,MU,-20.5167,57.5167,70.18,68,40,21.85,light rain
118,Hastings,GB,50.8552,0.5729,81.9,61,89,18.45,light rain
119,Ranong,TH,9.9658,98.6348,79.79,88,100,6.4,overcast clouds
120,Bac Lieu,VN,9.285,105.7244,80.04,86,100,8.37,overcast clouds
121,Grants,US,35.1473,-107.8514,88.03,20,23,11.5,thunderstorm
122,Cidreira,BR,-30.1811,-50.2056,59.25,78,75,7.67,broken clouds
123,Ponta Delgada,PT,37.7333,-25.6667,70.52,83,75,5.75,broken clouds
124,Bougouni,ML,11.417,-7.479,74.46,87,100,8.05,overcast clouds
125,General Roca,AR,-39.0333,-67.5833,63.63,30,1,15.28,clear sky
126,Lagoa,PT,39.05,-27.9833,70.41,93,1,12.86,clear sky
127,San Pedro,PH,14.35,121.0167,82.35,82,40,3.44,scattered clouds
128,Talnakh,RU,69.4865,88.3972,52.21,61,19,4.81,few clouds
129,Aklavik,CA,68.2191,-135.0107,55.4,82,75,5.75,broken clouds
130,Sola,VU,-13.8833,167.55,79.83,80,28,13.89,scattered clouds
131,Hithadhoo,MV,-0.6,73.0833,80.42,74,100,10.18,overcast clouds
132,Sinnamary,GF,5.3833,-52.95,80.64,81,93,10.25,overcast clouds
133,Mezen,RU,65.8522,44.24,67.35,71,100,10.42,overcast clouds
134,Marion,US,39.7684,-86.1555,91.49,60,40,9.22,scattered clouds
135,Ponta Do Sol,PT,32.6667,-17.1,74.03,76,4,5.88,clear sky
136,Santa Fe,AR,-31.6333,-60.7,68.0,42,0,4.0,light rain
137,San Cristobal,VE,7.7669,-72.225,80.78,58,60,7.23,broken clouds
138,Kailua,US,21.4022,-157.7394,84.18,68,20,14.97,few clouds
139,Ouadda,CF,8.0777,22.4007,67.95,99,100,3.8,moderate rain
140,Sooke,CA,48.3746,-123.7276,74.71,80,6,4.61,clear sky
141,Hamilton,US,39.1834,-84.5333,91.94,58,0,9.22,clear sky
142,Santa Maria,BR,-29.6842,-53.8069,54.7,82,100,8.05,overcast clouds
143,Balkanabat,TM,39.5108,54.3671,92.44,26,0,3.27,clear sky
144,Itarema,BR,-2.9248,-39.9167,81.37,75,69,15.7,broken clouds
145,Evensk,RU,61.95,159.2333,50.77,98,100,2.62,overcast clouds
146,Salumbar,IN,24.1333,74.05,79.36,87,100,11.7,overcast clouds
147,Angoche,MZ,-16.2325,39.9086,71.24,74,0,4.07,clear sky
148,Hasaki,JP,35.7333,140.8333,77.4,95,52,5.44,light rain
149,Vila Franca Do Campo,PT,37.7167,-25.4333,70.21,83,75,4.79,broken clouds
150,Chokwe,MZ,-24.5333,32.9833,70.95,64,64,4.99,broken clouds
151,Cherskiy,RU,68.75,161.3,37.69,72,99,11.43,overcast clouds
152,Comodoro Rivadavia,AR,-45.8667,-67.5,57.06,44,20,28.77,dust
153,Ahipara,NZ,-35.1667,173.1667,56.53,92,23,5.75,few clouds
154,Mount Gambier,AU,-37.8333,140.7667,34.32,91,1,4.63,clear sky
155,Nuuk,GL,64.1835,-51.7216,50.27,75,100,9.22,overcast clouds
156,Port Hardy,CA,50.6996,-127.4199,60.98,77,75,10.36,broken clouds
157,Ayagoz,KZ,47.9714,80.4392,57.54,52,8,2.71,clear sky
158,Bundaberg,AU,-24.85,152.35,56.21,99,84,4.0,broken clouds
159,Coihaique,CL,-45.5752,-72.0662,42.75,81,75,9.22,shower rain
160,Havre-Saint-Pierre,CA,50.2334,-63.5986,66.56,94,100,12.66,overcast clouds
161,Pemagatsel,BT,27.0319,91.4266,63.86,98,94,1.63,overcast clouds
162,Beringovskiy,RU,63.05,179.3167,51.58,88,100,9.57,light rain
163,Uthal,PK,25.8072,66.6219,83.97,87,100,7.78,overcast clouds
164,Kaberamaido,UG,1.7389,33.1594,68.59,82,85,2.95,light rain
165,Sibolga,ID,1.7427,98.7792,76.23,91,55,2.39,broken clouds
166,San Joaquin,US,37.9333,-121.3011,98.55,15,0,9.22,clear sky
167,Hovd,MN,48.0056,91.6419,56.5,60,90,1.68,overcast clouds
168,Quelimane,MZ,-17.8786,36.8883,71.55,94,0,3.44,clear sky
169,Novikovo,RU,51.1537,37.8879,57.38,82,49,5.97,scattered clouds
170,Gazanjyk,TM,39.2446,55.5154,90.9,15,0,7.45,clear sky
171,Tyukhtet,RU,56.5389,89.3011,52.12,97,100,7.02,overcast clouds
172,Bonavista,CA,48.6499,-53.1147,65.73,85,100,14.34,light rain
173,Olafsvik,IS,64.8945,-23.7142,53.01,76,90,11.41,overcast clouds
174,Cockburn Town,TC,21.4612,-71.1419,82.2,75,0,18.32,clear sky
175,Ust-Kuyga,RU,70.0167,135.6,37.87,92,100,13.58,overcast clouds
176,Muroto,JP,33.2833,134.15,78.19,91,95,7.54,overcast clouds
177,West Wendover,US,40.7391,-114.0733,87.01,23,75,3.44,broken clouds
178,Chama,CH,47.1821,8.4636,84.36,61,57,0.0,broken clouds
179,East London,ZA,-33.0153,27.9116,65.73,84,10,14.27,clear sky
180,Nago,JP,26.5881,127.9761,84.63,88,100,11.43,overcast clouds
181,Bow Island,CA,49.8668,-111.3684,78.98,50,0,10.36,clear sky
182,Katobu,ID,-4.9408,122.5276,73.9,94,100,4.72,overcast clouds
183,Tasiilaq,GL,65.6145,-37.6368,41.16,81,43,0.47,scattered clouds
184,Nazira,IN,26.9167,94.7333,76.75,97,100,2.24,overcast clouds
185,Morro Bay,US,35.3658,-120.8499,103.93,46,22,10.0,few clouds
186,Lafia,NG,8.4833,8.5167,75.6,84,93,4.72,light rain
187,Batagay,RU,67.6333,134.6333,44.46,85,100,6.33,overcast clouds
188,Turukhansk,RU,65.8167,87.9833,49.23,69,98,8.84,overcast clouds
189,Antalya,TR,36.7741,30.7178,86.59,39,0,5.75,clear sky
190,Stornoway,GB,58.2093,-6.3865,58.03,83,75,6.91,broken clouds
191,Sharan,RU,54.8167,54.0,57.69,96,38,7.36,scattered clouds
192,Henties Bay,NA,-22.116,14.2845,56.25,88,0,11.36,clear sky
193,Sur,OM,22.5667,59.5289,85.03,80,98,9.33,overcast clouds
194,Beloha,MG,-25.1667,45.05,66.52,53,0,13.11,clear sky
195,Dakar,SN,14.6937,-17.4441,86.13,74,75,11.5,broken clouds
196,Hami,CN,42.8,93.45,77.83,28,93,13.24,overcast clouds
197,Ormond Beach,US,29.2858,-81.0559,82.63,78,100,24.16,moderate rain
198,Cadiz,ES,36.5,-5.75,80.02,32,0,3.33,clear sky
199,Abu Dhabi,AE,24.4667,54.3667,100.51,49,0,6.91,clear sky
200,Dingle,PH,10.9995,122.6711,76.62,90,93,2.33,overcast clouds
201,Vao,NC,-22.6667,167.4833,73.87,88,99,17.47,moderate rain
202,Tochigi,JP,36.3833,139.7333,74.93,94,83,2.26,broken clouds
203,Bubaque,GW,11.2833,-15.8333,78.26,86,100,15.52,light rain
204,Laguna,US,38.421,-121.4238,102.31,26,1,8.68,clear sky
205,Marawi,PH,7.9986,124.2928,68.47,94,95,2.59,overcast clouds
206,Sangar,RU,63.9242,127.4739,65.05,74,95,4.88,overcast clouds
207,Hofn,IS,64.2539,-15.2082,50.02,93,100,5.75,mist
208,Sorong,ID,-0.8833,131.25,76.6,89,100,9.73,light rain
209,Tazovskiy,RU,67.4667,78.7,50.63,71,30,11.7,scattered clouds
210,Blankenberge,BE,51.3131,3.1323,91.38,19,0,12.26,clear sky
211,Gazojak,TM,41.1875,61.4036,91.18,20,0,13.76,clear sky
212,Babushkin,RU,51.7122,105.8647,52.18,98,100,18.16,overcast clouds
213,Kedrovyy,RU,56.1667,91.8167,55.87,99,86,7.67,overcast clouds
214,Orebro,SE,59.2741,15.2066,69.98,38,0,4.61,clear sky
215,Yaan,NG,7.3833,8.5667,74.71,80,83,5.59,broken clouds
216,Nelson,NZ,-41.2833,173.2833,51.3,99,56,1.01,broken clouds
217,Ormara,PK,25.2088,64.6357,83.89,88,98,10.89,overcast clouds
218,Vila Velha,BR,-20.3297,-40.2925,76.95,85,40,12.66,scattered clouds
219,Piltene,LV,57.2243,21.6744,64.35,94,40,5.75,scattered clouds
220,Maldonado,UY,-34.6667,-54.9167,59.23,65,0,6.71,clear sky
221,Tessalit,ML,20.1986,1.0114,90.91,34,90,8.41,light rain
222,Sungaipenuh,ID,-2.0833,101.3833,63.0,90,96,1.66,moderate rain
223,Skjervoy,NO,70.0311,20.9714,51.8,91,20,1.9,few clouds
224,Klaksvik,FO,62.2266,-6.589,52.72,91,100,11.9,overcast clouds
225,Kulim,MY,5.365,100.5618,79.5,93,100,3.02,overcast clouds
226,Saint Anthony,US,45.0205,-93.218,90.25,46,75,23.02,broken clouds
227,Provideniya,RU,64.3833,-173.3,46.0,68,98,1.88,overcast clouds
228,Phek,IN,25.6667,94.5,62.08,99,100,0.92,overcast clouds
229,Omboue,GA,-1.5746,9.2618,72.43,86,100,6.89,overcast clouds
230,Ushibuka,JP,32.1906,130.0228,79.79,91,100,11.59,overcast clouds
231,Kysyl-Syr,RU,63.8986,122.7617,51.28,83,100,8.66,overcast clouds
232,Pombas,CV,17.1503,-25.0201,76.78,88,95,12.88,overcast clouds
233,Kavieng,PG,-2.5744,150.7967,81.48,76,100,9.04,overcast clouds
234,Kindu,CD,-2.95,25.95,71.11,81,78,2.86,broken clouds
235,Chase,CA,50.8165,-119.6857,84.07,31,0,3.76,clear sky
236,Astorga,BR,-23.2325,-51.6656,82.63,51,10,5.1,clear sky
237,Khorramshahr,IR,30.4397,48.1664,102.16,16,0,6.91,clear sky
238,Vikhorevka,RU,56.1201,101.1636,54.99,88,73,3.42,broken clouds
239,Moron,AR,-34.6534,-58.6198,63.0,50,2,5.08,clear sky
240,Los Llanos De Aridane,ES,28.6585,-17.9182,74.12,83,40,17.27,scattered clouds
241,Longyearbyen,SJ,78.2186,15.6401,53.44,76,75,3.44,broken clouds
242,Chiredzi,ZW,-21.05,31.6667,68.13,61,73,7.34,broken clouds
243,Kurchum,KZ,48.5722,83.6542,60.01,53,11,8.68,few clouds
244,Jiblah,YE,13.9216,44.1467,67.37,54,100,5.93,overcast clouds
245,Tobane,BW,-21.95,27.9,59.81,69,93,5.21,overcast clouds
246,Warri,NG,5.5167,5.75,75.58,79,25,5.12,scattered clouds
247,Port Hawkesbury,CA,45.6169,-61.3485,73.35,96,100,11.01,overcast clouds
248,Ancud,CL,-41.8697,-73.8203,53.22,96,100,26.87,moderate rain
249,Tobermory,CA,45.2501,-81.6665,69.93,86,51,10.29,broken clouds
250,Great Yarmouth,GB,52.6083,1.7305,86.25,55,16,15.97,few clouds
251,Baihar,IN,22.1,80.55,71.53,98,100,4.27,overcast clouds
252,Flinders,AU,-34.5833,150.8552,51.19,89,62,5.99,light rain
253,Faanui,PF,-16.4833,-151.75,77.54,69,11,7.54,few clouds
254,Bukama,CD,-9.2,25.85,73.83,41,16,1.61,few clouds
255,Sao Filipe,CV,14.8961,-24.4956,77.97,82,78,7.76,broken clouds
256,Madimba,TZ,-10.4,40.3333,69.55,88,14,8.95,light rain
257,Fuling,CN,29.7022,107.3919,73.71,90,100,1.79,overcast clouds
258,Whitehorse,CA,60.7161,-135.0538,61.81,49,75,11.5,broken clouds
259,Noyabrsk,RU,63.1994,75.4507,57.45,66,93,7.96,overcast clouds
260,Svinninge,DK,55.7211,11.4655,73.04,65,0,6.22,clear sky
261,Nakapiripirit,UG,1.9167,34.7833,66.56,78,90,3.09,light rain
262,Kabirwala,PK,30.4068,71.8667,91.26,48,3,8.01,clear sky
263,Namibe,AO,-15.1961,12.1522,62.02,87,65,2.59,broken clouds
264,Shanting,CN,35.0753,117.4578,73.87,86,100,5.91,overcast clouds
265,Gobabis,NA,-22.45,18.9667,52.3,37,0,11.95,clear sky
266,Tecolotlan,MX,20.2167,-104.05,82.42,45,100,2.28,overcast clouds
267,Lukovetskiy,RU,64.2956,41.9211,60.17,98,100,7.92,light rain
268,Port Keats,AU,-14.25,129.55,66.9,75,93,3.53,overcast clouds
269,Paciran,ID,-6.8767,112.3761,76.37,84,91,7.96,overcast clouds
270,Las Vegas,US,36.175,-115.1372,107.04,20,0,6.91,clear sky
271,Taiyuan,CN,37.8694,112.5603,62.46,77,0,2.24,clear sky
272,Upernavik,GL,72.7868,-56.1549,45.41,73,100,4.97,overcast clouds
273,Esperance,AU,-33.8667,121.9,53.74,89,98,11.99,overcast clouds
274,Saldanha,ZA,-33.0117,17.9442,46.45,70,0,16.49,clear sky
275,Port Lincoln,AU,-34.7333,135.8667,50.49,65,96,10.07,overcast clouds
276,Huilong,CN,31.8111,121.655,80.92,91,100,4.34,overcast clouds
277,Touros,BR,-5.1989,-35.4608,77.43,77,22,17.29,few clouds
278,Rio Grande,BR,-32.035,-52.0986,62.71,78,0,6.26,clear sky
279,Pevek,RU,69.7008,170.3133,32.25,97,100,15.37,overcast clouds
280,Haines Junction,CA,60.7522,-137.5108,62.55,45,100,2.3,overcast clouds
281,Antsirabe,MG,-19.85,47.0333,50.32,82,100,10.54,overcast clouds
282,Bathsheba,BB,13.2167,-59.5167,85.05,86,40,17.27,scattered clouds
283,Leh,IN,34.1667,77.5833,67.84,40,28,4.63,scattered clouds
284,Aksarka,RU,66.5606,67.7975,55.15,75,0,5.59,clear sky
285,Barahona,DO,18.2085,-71.1008,91.22,66,20,16.11,few clouds
286,Khilok,RU,51.3674,110.4676,59.13,85,80,2.39,moderate rain
287,Yarmouth,US,41.7057,-70.2286,93.15,74,0,5.99,clear sky
288,Haimen,CN,23.1935,116.6142,80.49,90,100,3.15,overcast clouds
289,Danjiangkou,CN,32.5428,111.5086,70.79,93,100,3.8,overcast clouds
290,Maniitsoq,GL,65.4167,-52.9,46.51,87,99,10.09,overcast clouds
291,Lata,PT,40.1629,-8.3327,64.22,75,0,5.5,clear sky
292,Alugan,PH,12.2188,125.4808,82.06,82,23,9.44,few clouds
293,Gamba,GA,-2.65,10.0,71.38,89,100,4.23,overcast clouds
294,Inhambane,MZ,-23.865,35.3833,66.18,94,0,4.61,clear sky
295,Niamey,NE,13.5137,2.1098,84.49,65,20,6.91,thunderstorm
296,Pitea,SE,65.3172,21.4794,60.89,76,0,6.98,clear sky
297,Kitwe,ZM,-12.7961,28.2477,63.43,45,33,3.33,scattered clouds
298,Lompoc,US,34.6391,-120.4579,96.78,54,8,5.99,clear sky
299,Paamiut,GL,61.994,-49.6678,43.9,99,100,3.29,light rain
300,Severo-Kurilsk,RU,50.6789,156.125,52.3,96,100,13.31,overcast clouds
301,Fort Dodge,US,42.4975,-94.168,90.82,51,40,23.02,scattered clouds
302,Tondano,ID,1.3038,124.9112,66.29,81,100,0.51,overcast clouds
303,Neosho,US,36.869,-94.368,106.81,22,0,6.62,clear sky
304,Newport,GB,51.5877,-2.9984,79.39,78,12,13.51,few clouds
305,Karratha,AU,-20.7377,116.8463,66.4,58,0,7.36,clear sky
306,Linxia,CN,35.6003,103.2064,53.89,76,0,4.92,clear sky
307,Jepara,ID,-5.1695,105.7044,76.14,91,39,0.78,scattered clouds
308,Qasigiannguit,GL,68.8193,-51.1922,44.13,83,100,4.23,overcast clouds
309,Puerto Escondido,MX,15.85,-97.0667,88.72,64,35,7.36,scattered clouds
310,Cap-Aux-Meules,CA,47.3821,-61.8597,69.85,94,75,18.41,broken clouds
311,Nelson Bay,AU,-32.7167,152.15,55.99,59,100,8.21,overcast clouds
312,Ilo,PE,-17.6394,-71.3375,63.46,77,100,8.05,overcast clouds
313,Verkhoyansk,RU,67.5447,133.385,45.68,82,100,6.55,overcast clouds
314,Custodia,BR,-8.0875,-37.6431,73.96,66,29,15.23,scattered clouds
315,Corpus Christi,US,27.8006,-97.3964,98.17,66,0,10.0,clear sky
316,Plotnikovo,RU,55.0247,85.9436,57.54,94,100,6.82,light rain
317,Bambous Virieux,MU,-20.3428,57.7575,70.05,68,40,21.85,light rain
318,Verkhnyaya Tura,RU,58.3594,59.8175,63.43,97,41,7.47,scattered clouds
319,Marzuq,YE,14.4,46.4667,83.08,43,100,8.43,overcast clouds
320,Yeppoon,AU,-23.1333,150.7333,56.98,81,99,14.34,overcast clouds
321,Namatanai,PG,-3.6667,152.4333,78.08,79,100,5.28,overcast clouds
322,Tolaga Bay,NZ,-38.3667,178.3,57.36,97,100,13.27,light rain
323,Bratsk,RU,56.1325,101.6142,54.09,93,91,3.24,overcast clouds
324,Rujewa,TZ,-8.7,34.3833,64.9,55,20,10.42,few clouds
325,Leningradskiy,RU,69.3833,178.4167,34.7,95,100,15.5,overcast clouds
326,Sorland,NO,67.667,12.6934,53.22,84,74,5.39,broken clouds
327,Port Hedland,AU,-20.3167,118.5667,57.25,94,12,5.75,few clouds
328,Susa,TN,35.8254,10.637,83.98,54,0,11.5,clear sky
329,Keetmanshoop,NA,-26.5833,18.1333,54.1,56,1,10.16,clear sky
330,Ancona,IT,43.55,13.1667,76.6,55,0,1.14,clear sky
331,Necochea,AR,-38.5473,-58.7368,55.58,38,3,15.32,clear sky
332,Alofi,NU,-19.0595,-169.9187,73.29,88,94,9.22,overcast clouds
333,Khislavichi,RU,54.1871,32.1582,55.63,91,23,7.05,few clouds
334,Port Blair,IN,11.6667,92.75,78.84,94,75,3.44,mist
335,Lavrentiya,RU,65.5833,-171.0,41.58,66,100,1.92,overcast clouds
336,Raga,SS,8.4596,25.678,69.62,97,100,4.61,overcast clouds
337,Coquimbo,CL,-29.9533,-71.3436,56.93,88,20,9.22,few clouds
338,Saint-Francois,FR,46.4154,3.9054,85.44,39,0,6.91,clear sky
339,Baragua,CU,21.6967,-78.6328,89.71,56,18,14.5,few clouds
340,Broken Hill,AU,-31.95,141.4333,42.94,64,100,11.81,overcast clouds
341,Fort Nelson,CA,58.8053,-122.7002,71.19,40,75,17.27,broken clouds
342,Midland,US,31.9974,-102.0779,107.8,17,100,8.05,overcast clouds
343,Constitucion,CL,-35.3333,-72.4167,56.26,61,5,12.37,clear sky
344,Nacozari,MX,25.3366,-108.2574,96.12,52,0,9.24,clear sky
345,Pringsewu,ID,-5.3582,104.9744,72.9,97,41,0.78,scattered clouds
346,Nuevitas,CU,21.5453,-77.2644,86.32,64,6,13.29,clear sky
347,Monrovia,LR,6.3005,-10.7969,76.01,76,100,9.31,overcast clouds
348,Salinas,US,36.6777,-121.6555,94.01,38,0,8.21,clear sky
349,Meulaboh,ID,4.1363,96.1285,75.7,85,91,3.27,overcast clouds
350,Castro,BR,-24.7911,-50.0119,67.93,76,0,1.52,clear sky
351,San Patricio,US,28.017,-97.5169,99.32,40,0,19.15,clear sky
352,Anadyr,RU,64.75,177.4833,48.7,81,40,22.37,light intensity shower rain
353,Tsogni,GA,-2.7942,10.0988,70.88,89,100,3.91,overcast clouds
354,Orlik,RU,52.5178,99.825,41.4,91,40,2.57,scattered clouds
355,Ixtapa,MX,20.7,-105.2,90.23,67,99,5.99,overcast clouds
356,Clarksville,US,36.5298,-87.3595,92.64,60,70,5.7,broken clouds
357,Bone,DE,51.9669,12.1396,82.29,41,100,8.16,overcast clouds
358,Zaozerne,UA,45.1582,33.2787,68.9,60,0,8.99,clear sky
359,Celestun,MX,20.8667,-90.4,89.98,59,26,12.39,scattered clouds
360,Weligama,LK,5.9667,80.4167,78.35,86,90,10.98,moderate rain
361,Bintulu,MY,3.1667,113.0333,76.68,90,58,2.84,broken clouds
362,Freetown,SL,8.484,-13.2299,76.5,82,100,9.73,overcast clouds
363,Aykhal,RU,66.0,111.5,45.01,90,79,11.52,broken clouds
364,Tokonou,GN,9.65,-9.7833,67.8,93,82,5.7,broken clouds
365,Chuka,KE,-0.3332,37.6459,61.88,70,100,5.46,overcast clouds
366,Pangody,RU,65.85,74.4859,61.12,56,100,9.19,overcast clouds
367,Zaltan,LY,32.947,11.8665,79.92,71,0,14.99,clear sky
368,Sarakhs,IR,36.5449,61.1577,89.22,16,0,12.62,clear sky
369,New Richmond,US,45.123,-92.5366,90.09,45,75,24.16,broken clouds
370,Half Moon Bay,US,37.4636,-122.4286,84.88,69,40,10.36,scattered clouds
371,Nome,US,64.5011,-165.4064,45.16,79,100,15.95,overcast clouds
372,Utete,TZ,-7.986,38.758,69.55,86,5,4.74,clear sky
373,Verkh-Chebula,RU,56.0308,87.6218,53.08,95,100,8.21,overcast clouds
374,Manadhoo,MV,5.7667,73.3833,81.41,79,86,18.21,overcast clouds
375,Xuddur,SO,4.1213,43.8894,71.8,56,16,22.35,few clouds
376,Valparaiso,CL,-33.0393,-71.6273,59.63,68,0,11.99,clear sky
377,Kiunga,PG,-6.1219,141.2906,72.9,100,100,1.05,overcast clouds
378,Richards Bay,ZA,-28.783,32.0377,67.86,61,0,3.56,clear sky
379,Pacific Grove,US,36.6177,-121.9166,62.08,90,28,7.0,scattered clouds
380,Bafoussam,CM,5.4737,10.4179,61.3,97,100,3.02,light rain
381,Warrington,GB,53.3925,-2.5802,86.72,46,0,4.61,clear sky
382,Cilegon,ID,-6.0174,106.0538,78.84,86,31,4.72,scattered clouds
383,Walvis Bay,NA,-22.9575,14.5053,55.09,73,0,16.22,clear sky
384,Jiaozuo,CN,35.2397,113.2331,69.24,96,100,4.05,overcast clouds
385,Nichinan,JP,31.6,131.3667,79.3,91,100,7.94,moderate rain
386,Labytnangi,RU,66.6572,66.4183,57.02,71,1,9.13,clear sky
387,Guaymas,MX,27.9333,-110.9,90.88,62,43,7.16,scattered clouds
388,Rabo De Peixe,PT,37.8,-25.5833,69.31,83,75,5.75,broken clouds
389,Ilulissat,GL,69.2167,-51.1,53.62,66,75,3.44,broken clouds
390,Nador,MA,35.174,-2.9287,77.25,83,0,3.44,clear sky
391,Guaxupe,BR,-21.3053,-46.7128,76.37,42,11,5.37,few clouds
392,Awjilah,LY,29.1081,21.2869,84.61,26,1,17.76,clear sky
393,Rio Bananal,BR,-19.265,-40.3333,72.36,80,82,6.26,broken clouds
394,Ornskoldsvik,SE,63.2909,18.7153,61.75,55,58,6.91,broken clouds
395,Waipawa,NZ,-41.4122,175.5153,48.24,94,38,4.5,scattered clouds
396,Ahuimanu,US,21.4447,-157.8378,82.2,68,7,8.01,clear sky
397,San Policarpo,PH,12.1791,125.5072,82.69,81,24,10.2,few clouds
398,Acapulco,MX,16.8634,-99.8901,87.8,69,10,7.87,clear sky
399,Dobson,US,36.3957,-80.7226,88.43,60,63,4.09,broken clouds
400,Dinar,TR,38.065,30.1656,71.56,58,0,5.46,clear sky
401,Aquiraz,BR,-3.9014,-38.3911,86.09,77,48,9.73,scattered clouds
402,Toora-Khem,RU,52.4675,96.11,43.99,90,11,1.99,few clouds
403,Luena,AO,-11.7833,19.9167,56.88,44,1,3.94,clear sky
404,Gulaothi,IN,28.6,77.7833,87.85,61,24,4.27,few clouds
405,Sajanan,TN,37.0573,9.2426,87.33,32,0,12.12,clear sky
406,Saint-Augustin,CA,51.226,-58.6502,61.79,94,100,11.63,overcast clouds
407,Alta Floresta,BR,-9.8756,-56.0861,94.03,18,3,4.34,clear sky
408,Kruisfontein,ZA,-34.0033,24.7314,53.89,89,100,15.7,light rain
409,Kalmunai,LK,7.4167,81.8167,78.57,86,64,3.18,broken clouds
410,Marsh Harbour,BS,26.5412,-77.0636,83.53,72,0,9.86,clear sky
411,Kasongo-Lunda,CD,-6.4667,16.8167,75.25,43,3,0.89,clear sky
412,Riyadh,SA,24.6877,46.7219,95.97,11,6,10.6,clear sky
413,Verkhnevilyuysk,RU,63.4453,120.3167,55.53,79,100,7.67,overcast clouds
414,Gao,ML,16.6362,1.637,95.07,35,100,9.86,light rain
415,Dakoro,NE,14.5106,6.765,86.47,50,0,14.32,light rain
416,Port-Gentil,GA,-0.7193,8.7815,73.94,82,95,12.53,overcast clouds
417,Cap Malheureux,MU,-19.9842,57.6142,70.47,67,42,11.99,scattered clouds
418,Adrar,MR,20.5022,-10.0711,99.84,8,0,9.62,clear sky
419,Sistranda,NO,63.7256,8.834,57.16,90,100,13.31,overcast clouds
420,Bima,ID,-8.4667,118.7167,68.85,94,8,3.8,clear sky
421,Miquelon,PM,47.0975,-56.3814,60.8,99,100,20.04,overcast clouds
422,Atar,MR,20.5169,-13.0499,105.31,9,82,8.81,broken clouds
423,Zavyalovo,RU,54.5053,82.4484,55.15,83,25,6.35,scattered clouds
424,Turayf,SA,31.6725,38.6637,90.77,20,0,14.2,clear sky
425,Te Anau,NZ,-45.4167,167.7167,40.82,97,100,4.05,overcast clouds
426,Port Augusta,AU,-32.5,137.7667,39.33,75,87,7.34,overcast clouds
427,Porto Velho,BR,-8.7619,-63.9039,95.05,26,20,8.05,few clouds
428,Sabang,ID,5.8933,95.3214,82.74,75,100,20.85,overcast clouds
429,Eyl,SO,7.9803,49.8164,75.97,76,66,29.19,broken clouds
430,Pangnirtung,CA,66.1451,-65.7125,49.1,78,100,1.61,overcast clouds
431,Kirakira,SB,-10.4544,161.9205,78.1,80,8,6.08,clear sky
432,Kavaratti,IN,10.5669,72.642,80.96,80,100,22.32,overcast clouds
433,High Level,CA,58.5169,-117.136,74.26,31,34,12.28,scattered clouds
434,Lugovoy,KZ,42.9472,72.7644,71.42,33,0,5.91,clear sky
435,Jardim,BR,-21.4803,-56.1381,91.08,28,7,4.38,clear sky
436,Dalbandin,PK,28.8947,64.4101,85.57,59,100,7.29,overcast clouds
437,Berlevag,NO,70.8578,29.0864,58.8,94,100,8.05,overcast clouds
438,Rosetta,EG,31.4044,30.4164,78.22,80,0,10.36,clear sky
439,Salmas,IR,38.1973,44.7653,75.58,30,7,0.72,clear sky
440,Wairoa,NZ,-39.0333,177.3667,52.56,95,100,3.15,light rain
441,Egvekinot,RU,66.3167,-179.1667,40.39,74,100,4.23,overcast clouds
442,Grand Gaube,MU,-20.0064,57.6608,70.38,67,42,11.99,scattered clouds
443,Pinawa,CA,50.1489,-95.8811,71.91,94,98,1.59,overcast clouds
444,Kandrian,PG,-6.2167,149.55,75.4,87,99,2.73,overcast clouds
445,Tobol,KZ,52.6844,62.5794,76.46,67,94,9.69,overcast clouds
446,Flin Flon,CA,54.7682,-101.865,83.68,31,94,5.64,overcast clouds
447,Neuquen,AR,-38.9516,-68.0591,57.33,30,1,9.51,clear sky
448,Sherlovaya Gora,RU,50.5667,116.25,60.55,55,54,4.52,broken clouds
449,Kamenka,RU,51.3223,42.7678,58.48,68,85,6.04,overcast clouds
450,Vanavara,RU,60.34,102.2797,57.22,72,100,1.95,overcast clouds
451,Victoria,HK,22.2855,114.1577,87.33,80,100,8.01,overcast clouds
452,Galich,RU,58.3797,42.3475,56.1,80,88,9.75,overcast clouds
453,Liptovsky Hradok,SK,49.0396,19.7234,59.74,75,0,3.02,clear sky
454,Brae,GB,60.3964,-1.353,57.0,92,100,12.66,light rain
455,Melfi,IT,40.9965,15.6514,73.49,44,0,1.19,clear sky
456,Spas-Klepiki,RU,55.1347,40.1767,54.03,84,70,5.46,broken clouds
457,Awbari,LY,26.5921,12.7805,85.95,21,7,11.7,clear sky
458,Rocha,UY,-34.4833,-54.3333,51.58,72,0,5.93,clear sky
459,La Ronge,CA,55.1001,-105.2842,71.82,73,75,9.22,broken clouds
460,San Ignacio,BZ,17.1561,-89.0714,94.01,35,21,10.78,few clouds
461,Itapema,BR,-27.0903,-48.6114,68.85,84,49,10.18,scattered clouds
462,Lorengau,PG,-2.0226,147.2712,78.15,85,100,3.06,overcast clouds
463,Kopervik,NO,59.2835,5.3067,76.98,49,0,19.57,clear sky
464,Sonoita,MX,31.85,-112.8333,98.04,28,100,13.44,overcast clouds
465,Kawalu,ID,-7.3817,108.2082,71.87,95,95,2.15,overcast clouds
466,Harbin,CN,45.75,126.65,66.54,92,0,4.23,clear sky
467,Clyde River,CA,70.4692,-68.5914,36.55,95,100,6.55,overcast clouds
468,Saint-Georges,GD,12.0564,-61.7485,81.18,79,8,12.46,clear sky
469,Sun Valley,US,39.5963,-119.776,92.3,29,75,10.0,broken clouds
470,Saskylakh,RU,71.9167,114.0833,38.39,73,99,13.22,overcast clouds
471,Hayrabolu,TR,41.2131,27.1069,66.34,67,0,8.12,clear sky
472,Ossora,RU,59.2353,163.0719,63.93,82,99,1.05,overcast clouds
473,San Quintin,MX,30.4833,-115.95,75.97,62,63,11.39,broken clouds
474,Tha Chang,TH,9.2642,99.1922,77.61,88,100,5.08,overcast clouds
475,Independence,US,39.0911,-94.4155,101.19,38,80,5.01,broken clouds
476,Port Macquarie,AU,-31.4333,152.9167,47.89,74,100,7.16,overcast clouds
477,Bafata,GW,12.1667,-14.75,75.18,95,95,4.88,light rain
478,Yantal,RU,56.8471,105.2542,54.81,97,100,3.33,overcast clouds
479,Srednekolymsk,RU,67.45,153.6833,42.28,60,100,9.31,overcast clouds
480,Santa Cruz Do Rio Pardo,BR,-22.8989,-49.6325,82.15,42,0,1.43,clear sky
481,Mao,ES,39.8885,4.2658,81.16,83,0,3.44,clear sky
482,Sri Aman,MY,1.2376,111.4621,73.51,84,4,0.65,clear sky
483,Codrington,AU,-38.2667,141.9667,35.64,95,9,7.27,clear sky
484,Mazara Del Vallo,IT,37.6641,12.588,85.93,78,0,2.91,clear sky
485,Tortoli,IT,39.9256,9.6572,79.61,59,0,3.4,clear sky
486,Ray,IN,23.6833,85.05,78.01,82,100,5.64,overcast clouds
487,Vrangel,RU,42.7297,133.0839,63.81,92,10,2.28,clear sky
488,Kapoeta,SS,4.7717,33.5903,78.89,54,86,4.12,overcast clouds
489,Prince Rupert,CA,54.3161,-130.3201,54.9,94,100,3.13,light rain
490,Fort-Shevchenko,KZ,44.5086,50.263,80.2,64,6,29.42,clear sky
491,Darhan,MN,49.4867,105.9228,57.9,93,75,7.49,broken clouds
492,Margate,GB,51.3813,1.3862,81.7,44,10,3.0,clear sky
493,Moussoro,TD,13.6408,16.4901,87.35,49,49,12.75,scattered clouds
494,Yarada,IN,17.65,83.2667,82.72,89,40,2.3,mist
495,Kudahuvadhoo,MV,2.6708,72.8944,80.31,80,100,14.97,light rain
496,Mana,GF,5.6592,-53.7767,80.94,80,86,6.87,overcast clouds
497,Fortuna,US,40.5982,-124.1573,63.99,68,30,7.4,scattered clouds
498,Alice Springs,AU,-23.7,133.8833,49.55,50,99,5.75,overcast clouds
499,Olavarria,AR,-36.8927,-60.3225,58.01,37,10,12.48,clear sky
500,Chara,RU,56.9064,118.2631,54.3,90,90,2.21,overcast clouds
501,Sayyan,YE,15.1718,44.3244,63.45,59,100,6.73,overcast clouds
502,Zhezkazgan,KZ,47.8043,67.7144,77.27,25,0,8.21,clear sky
503,Ust-Karsk,RU,52.7011,118.8077,61.12,77,9,3.67,clear sky
504,Morant Bay,JM,17.8815,-76.4093,87.42,67,5,13.44,clear sky
505,Gizo,SB,-8.103,156.8419,81.01,75,56,5.23,broken clouds
506,Belmonte,BR,-15.8631,-38.8828,74.14,80,5,9.86,clear sky
507,Paita,PE,-5.0892,-81.1144,68.36,73,16,15.14,few clouds
508,Sioux Lookout,CA,50.1001,-91.917,76.42,66,100,10.65,overcast clouds
509,Viedma,AR,-40.8135,-62.9967,59.56,24,9,27.69,clear sky
510,Llanes,ES,43.4198,-4.7549,69.8,84,72,6.46,broken clouds
511,Tura,IN,25.5198,90.2201,74.75,97,100,5.55,overcast clouds
512,Beloeil,CA,45.5668,-73.1992,86.25,58,9,1.99,clear sky
513,Lithgow,AU,-33.4833,150.15,39.67,99,94,4.88,overcast clouds
514,Rapid Valley,US,44.0625,-103.1463,91.33,22,0,29.93,clear sky
515,Launceston,AU,-41.45,147.1667,34.16,93,1,4.61,clear sky
516,Uige,AO,-7.6087,15.0613,69.6,57,3,2.35,clear sky
517,Wilmington,US,34.2257,-77.9447,91.89,70,20,11.5,light rain
518,Korla,CN,41.7597,86.1469,76.5,38,100,9.91,overcast clouds
519,Paldiski,EE,59.3567,24.0531,64.65,63,0,10.36,clear sky
520,Kaeo,NZ,-35.1,173.7833,58.32,97,30,5.12,scattered clouds
521,Mirnyy,RU,62.5353,113.9611,55.24,81,19,11.01,few clouds
522,Barra Do Garcas,BR,-15.89,-52.2567,90.55,19,34,3.62,scattered clouds
523,Tikapur,NP,28.5,81.1333,81.32,81,80,4.92,broken clouds
524,Havelock,US,34.8791,-76.9013,93.97,83,74,8.01,broken clouds
525,Huarmey,PE,-10.0681,-78.1522,67.77,72,93,10.96,overcast clouds
526,Mpwapwa,TZ,-6.35,36.4833,60.21,72,1,4.79,clear sky
527,Katsuura,JP,35.1333,140.3,77.85,91,70,10.96,broken clouds
528,Muros,ES,42.7762,-9.0603,68.09,88,43,5.08,scattered clouds
529,Asosa,ET,10.0667,34.5333,59.32,94,100,1.54,overcast clouds
530,North Platte,US,41.1239,-100.7654,96.69,15,0,10.36,clear sky
531,Praia Da Vitoria,PT,38.7333,-27.0667,71.76,94,46,10.0,scattered clouds
532,Otavi,NA,-19.65,17.3333,56.91,31,0,4.88,clear sky
533,Ambon,ID,-3.6954,128.1814,76.23,16,40,4.61,scattered clouds
534,Anju,KP,39.6178,125.6647,69.71,94,100,3.0,overcast clouds
535,Pedernales,DO,18.0384,-71.744,86.58,61,79,2.33,broken clouds
536,Yankton,US,42.8711,-97.3973,95.11,22,0,17.27,clear sky
537,Quatre Cocos,MU,-20.2078,57.7625,70.09,68,28,24.45,light rain
538,Kahului,US,20.8947,-156.47,80.62,65,40,20.71,scattered clouds
539,Odweyne,SO,9.4092,45.064,74.91,47,81,20.56,broken clouds
540,Takhli,TH,15.2634,100.3438,81.75,83,100,3.47,light rain
541,Nurota,UZ,40.5614,65.6886,84.42,22,0,19.51,clear sky
542,El Cobre,CU,20.0489,-75.9469,87.24,70,40,11.5,scattered clouds
543,Houma,US,29.5958,-90.7195,95.0,69,61,7.0,broken clouds
544,Sao Joao Da Barra,BR,-21.6403,-41.0511,77.09,82,66,13.53,broken clouds
545,Alexandria,EG,31.2156,29.9553,78.71,77,0,10.29,clear sky
546,Papara,BR,-3.9839,-38.7273,84.6,67,80,4.59,broken clouds
547,Trincomalee,LK,8.5711,81.2335,79.02,83,86,5.37,overcast clouds
548,Baykit,RU,61.67,96.37,52.52,95,37,2.17,scattered clouds
549,Druzhba,UA,52.0428,33.9453,55.94,95,10,6.89,clear sky
550,Alyangula,AU,-13.8483,136.4192,55.27,100,100,0.0,overcast clouds
551,Portland,US,45.5234,-122.6762,85.55,51,20,8.05,few clouds
552,Vuktyl,RU,63.8567,57.3094,69.21,53,50,11.07,scattered clouds
553,Udachnyy,RU,66.4167,112.4,47.73,80,100,13.33,overcast clouds
554,Buraydah,SA,26.326,43.975,93.27,11,2,10.31,clear sky
555,Honiara,SB,-9.4333,159.95,74.08,81,6,5.14,clear sky
556,Altay,CN,47.8667,88.1167,55.02,52,63,3.85,broken clouds
557,Honningsvag,NO,70.9821,25.9704,53.35,87,100,3.44,overcast clouds
558,Punta Cardon,VE,11.6581,-70.215,83.07,69,0,31.03,clear sky
559,Molina De Segura,ES,38.0546,-1.2076,84.7,53,1,5.99,clear sky
560,Asau,RO,46.4333,26.4,70.72,52,98,3.04,overcast clouds
561,Eureka,US,40.8021,-124.1637,88.66,68,53,1.99,broken clouds
562,Kinsale,IE,51.7075,-8.5306,60.24,72,75,20.71,broken clouds
563,Kokopo,PG,-4.352,152.2633,75.79,80,100,3.85,overcast clouds
564,Westport,US,41.1415,-73.3579,93.99,51,0,11.5,clear sky
565,Lafayette,US,30.2335,-92.0668,95.02,62,20,11.5,few clouds
566,Northam,GB,51.0333,-4.2167,71.38,86,2,15.68,clear sky
567,Tomatlan,MX,19.9333,-105.25,92.59,50,100,7.67,overcast clouds
568,Charleston,US,32.7766,-79.9309,83.07,91,75,11.5,heavy intensity rain
569,Omsukchan,RU,62.5333,155.8,57.47,96,100,7.76,light rain
570,Beidao,CN,34.5686,105.8933,59.72,90,0,2.17,clear sky
571,Puerto Baquerizo Moreno,EC,-0.9,-89.6,72.59,83,40,16.11,scattered clouds
572,Taltal,CL,-25.4,-70.4833,64.67,61,25,6.17,scattered clouds
573,Strezhevoy,RU,60.7333,77.5889,53.38,90,5,6.58,clear sky
574,Elliot,ZA,-31.3333,27.85,47.32,51,6,6.8,clear sky
575,Itau De Minas,BR,-20.7394,-46.7522,79.7,30,55,4.72,broken clouds
576,Dali,CN,25.7,100.1833,64.26,97,100,3.74,overcast clouds
577,Chicama,PE,-7.8447,-79.1469,59.54,59,29,9.86,scattered clouds
578,Buritis,BR,-15.6178,-46.4233,82.31,20,76,7.11,broken clouds
579,Morondava,MG,-20.2833,44.2833,72.66,52,0,12.5,clear sky
580,La Rioja,ES,42.25,-2.5,73.18,53,3,1.92,clear sky
581,Ambovombe,MG,-25.1667,46.0833,63.48,74,0,6.98,clear sky
582,Durazno,UY,-33.4131,-56.5006,54.95,76,0,7.18,clear sky
583,Pasni,PK,25.2631,63.471,83.73,89,60,8.77,light rain
584,Lasa,IT,46.6166,10.7002,69.78,89,25,2.66,scattered clouds
585,Pulsano,IT,40.3821,17.3564,83.82,41,0,1.99,clear sky
586,Xining,CN,36.6167,101.7667,47.64,82,1,3.27,clear sky
587,Hille,DE,52.3333,8.75,87.85,39,7,7.23,clear sky
588,Osa,RU,57.2829,55.4567,60.12,92,0,10.13,clear sky
589,Jalu,LY,29.0331,21.5482,85.01,25,4,17.54,clear sky
590,Ban Dung,TH,17.699,103.2596,79.11,99,100,4.7,overcast clouds
591,Bereda,ES,43.2686,-7.5406,68.41,79,17,4.99,few clouds
592,Bagdarin,RU,54.4333,113.6,56.57,91,85,2.17,overcast clouds
593,Craig,US,40.5153,-107.5464,89.55,23,0,9.22,clear sky
594,Katangli,RU,51.7102,143.2326,51.44,97,100,9.37,overcast clouds
595,Zhaoqing,CN,23.0512,112.4597,85.82,93,89,1.81,overcast clouds
596,San Juan,AR,-31.5375,-68.5364,63.82,22,0,6.17,clear sky
597,Giyani,ZA,-23.3025,30.7187,65.34,70,18,2.17,few clouds
598,Ayan,RU,56.45,138.1667,56.53,98,100,11.68,light rain
599,Sovetskiy,RU,61.3614,63.5842,61.77,55,66,5.86,broken clouds
600,Iquitos,PE,-3.7481,-73.2472,86.04,70,75,5.75,broken clouds
601,Santa Isabel Do Rio Negro,BR,-0.4139,-65.0192,79.27,91,81,2.08,broken clouds
602,Homer,US,59.6425,-151.5483,55.27,84,100,17.0,overcast clouds
603,Harwich,GB,51.9419,1.2844,85.17,59,32,4.0,scattered clouds
604,Koslan,RU,63.4564,48.8989,61.5,97,100,7.63,light rain
605,Nouadhibou,MR,20.931,-17.0347,67.48,95,25,16.75,scattered clouds
606,Concordia,AR,-31.393,-58.0209,62.78,59,0,9.22,clear sky
607,Talcahuano,CL,-36.7167,-73.1167,51.48,71,0,11.5,clear sky
608,Plettenberg Bay,ZA,-34.0527,23.3716,54.12,89,100,8.88,light rain
609,Popondetta,PG,-8.7537,148.2534,71.35,88,9,3.29,clear sky
610,Kupang,ID,-10.1667,123.5833,71.2,80,11,11.9,few clouds
611,Cabra,ES,37.4725,-4.4421,89.65,22,0,4.29,clear sky
612,Bay Roberts,CA,47.5999,-53.2648,69.66,92,100,4.0,overcast clouds
613,Emba,KZ,48.8264,58.1442,80.85,31,22,14.74,few clouds
614,Adiake,CI,5.2863,-3.304,73.99,74,76,7.0,broken clouds
615,Forssa,FI,60.8146,23.6215,59.41,73,6,7.99,clear sky
616,Laredo,US,27.5064,-99.5075,104.29,29,0,11.5,clear sky
617,Ekhabi,RU,53.5102,142.9671,52.7,97,100,11.95,overcast clouds
618,Ingham,US,42.6,-84.3833,90.91,58,40,5.75,scattered clouds
619,Tucumcari,US,35.1717,-103.725,106.95,13,0,6.91,clear sky
620,El Seibo,DO,18.7641,-69.0375,90.93,51,7,13.15,clear sky
621,Atoyac,MX,20.0167,-103.5333,84.45,45,90,3.67,overcast clouds
622,Conceicao Do Mato Dentro,BR,-19.0372,-43.425,74.7,43,0,8.41,clear sky
623,Tailai,CN,46.3833,123.4,68.65,85,53,3.33,broken clouds
624,Yayva,RU,59.3303,57.2641,66.18,98,6,5.55,clear sky
625,Upata,VE,8.0086,-62.3989,76.19,88,81,3.6,broken clouds
626,Lingao,CN,19.9103,109.6859,81.07,87,98,14.14,overcast clouds
627,Mato Verde,BR,-15.3972,-42.8664,80.06,39,68,11.1,broken clouds
628,Malanje,AO,-9.5402,16.341,72.37,32,25,4.45,scattered clouds
629,Lusambo,CD,-4.9667,23.45,72.48,66,17,1.1,few clouds
630,Rudnaya Pristan,RU,44.3614,135.8116,64.26,96,100,5.66,overcast clouds
631,Hobyo,SO,5.3505,48.5268,75.85,77,59,29.04,broken clouds
632,Tual,ID,-5.6667,132.75,79.41,82,96,16.13,overcast clouds
633,Betioky,MG,-23.7167,44.3833,66.11,55,0,13.31,clear sky
634,Nizhniy Tsasuchey,RU,50.5167,115.1333,63.39,58,38,5.41,scattered clouds
635,Itanagar,IN,27.1,93.6167,74.68,97,100,1.72,overcast clouds
636,Ankazobe,MG,-18.3167,47.1167,54.03,81,82,15.97,broken clouds
637,Grande Prairie,CA,55.1667,-118.8027,69.98,37,75,24.16,broken clouds
638,Dukat,RU,62.55,155.55,58.23,95,100,6.02,light rain
639,Boda,CF,4.3189,17.4695,68.05,99,100,2.15,overcast clouds
640,Muravlenko,RU,63.7898,74.523,62.65,52,100,8.55,overcast clouds
641,Coos Bay,US,43.3665,-124.2179,79.32,91,100,18.41,overcast clouds
642,Rio Claro,BR,-22.4114,-47.5614,80.17,38,0,1.52,clear sky
643,Rundu,NA,-17.9333,19.7667,55.0,39,0,4.45,clear sky
644,Elat,IL,29.5581,34.9482,98.44,28,0,6.91,clear sky
645,Suntar,RU,62.1444,117.6319,56.52,96,100,4.72,overcast clouds
646,Sahuaripa,MX,29.05,-109.2333,89.87,57,22,2.62,few clouds
647,Kuryk,KZ,43.2,51.65,90.09,37,3,11.95,clear sky
648,Caraquet,CA,47.7941,-64.9386,64.38,94,100,11.1,overcast clouds
649,Clonakilty,IE,51.6231,-8.8706,60.1,72,28,20.29,scattered clouds
650,Sam Chuk,TH,14.7576,100.0899,79.47,81,100,5.32,overcast clouds
651,Kon Tum,VN,14.35,108.0,70.41,99,100,0.96,overcast clouds
652,Moche,PE,-8.1711,-79.0092,64.94,81,50,9.57,scattered clouds
653,Bara,NG,10.3744,10.7288,76.28,80,92,6.96,light rain
654,Tagusao,PH,9.1924,117.8141,77.97,83,41,4.38,scattered clouds
655,Thunder Bay,CA,48.4001,-89.3168,57.25,97,100,5.32,overcast clouds
656,College,US,64.8569,-147.8028,54.59,88,100,4.21,overcast clouds
657,Muzhi,RU,65.3667,64.6667,56.97,69,1,6.93,clear sky
658,Straumen,NO,63.8709,11.2999,60.8,76,100,2.01,light rain
659,Ust-Kulom,RU,61.6864,53.6902,62.65,99,100,7.27,moderate rain
660,Buenos Aires,AR,-34.6132,-58.3772,60.98,57,2,6.91,clear sky
661,Escanaba,US,45.7453,-87.0646,85.51,74,0,12.66,clear sky
662,Sumbe,AO,-11.2061,13.8437,69.21,86,1,6.35,clear sky
663,Peterhead,GB,57.5058,-1.7981,64.8,94,100,22.91,overcast clouds
664,Kristiinankaupunki,FI,62.2743,21.376,57.58,76,9,7.25,clear sky
665,Kutum,SD,14.2,24.6667,81.52,45,20,14.12,few clouds
666,Cravo Norte,CO,6.3017,-70.2041,72.01,95,100,4.16,overcast clouds
667,Kenai,US,60.5544,-151.2583,52.14,92,75,21.85,light rain
668,Ucluelet,CA,48.9329,-125.5528,62.1,86,12,5.01,few clouds
669,Jinchang,CN,38.4953,102.1739,70.36,33,36,7.45,scattered clouds
670,Fairbanks,US,64.8378,-147.7164,55.4,81,75,6.91,broken clouds
671,Yacuiba,BO,-22.038,-63.6797,65.17,59,100,0.0,overcast clouds
672,Mehamn,NO,71.0357,27.8492,53.55,94,75,6.91,broken clouds
673,Ponezhukay,RU,44.8876,39.3855,68.85,78,43,5.7,scattered clouds
674,Tommot,RU,58.9564,126.2925,60.53,96,100,2.93,light rain
675,Yarim,YE,14.298,44.3779,59.65,62,100,3.71,overcast clouds
676,Negombo,LK,7.2083,79.8358,80.65,83,40,3.44,light rain
677,Dulovo,BG,43.8167,27.15,62.55,62,0,9.73,clear sky
678,Balikpapan,ID,-1.2675,116.8289,77.99,94,40,1.14,scattered clouds
679,Hambantota,LK,6.1241,81.1185,78.26,86,80,12.41,moderate rain
680,Gannan,CN,47.9147,123.5031,66.49,93,97,3.51,overcast clouds
681,Kuala Terengganu,MY,5.3302,103.1408,79.52,81,100,1.14,overcast clouds
682,Lipari,IT,38.4674,14.954,83.32,76,0,1.72,clear sky
683,Athens,GR,37.9795,23.7162,79.25,44,0,7.0,clear sky
684,Lathi,IN,21.7167,71.3833,77.85,91,100,10.16,overcast clouds
685,New Albany,US,38.2856,-85.8241,92.1,52,1,5.01,clear sky
686,Niagara Falls,CA,43.1001,-79.0663,86.88,67,0,14.97,clear sky
687,Pucallpa,PE,-8.3791,-74.5539,87.84,58,40,5.75,scattered clouds
688,Banda Aceh,ID,5.5577,95.3222,79.59,79,100,13.2,overcast clouds
689,Vanimo,PG,-2.6741,141.3028,75.88,90,85,4.81,light rain
690,Araouane,ML,18.9048,-3.5265,92.48,35,100,5.79,light rain
691,Ribeira Brava,PT,32.65,-17.0667,73.71,87,4,6.8,clear sky
692,Jablah,SY,35.3614,35.9256,79.63,82,0,6.51,clear sky
693,Camalu,MX,30.85,-116.0667,77.5,60,91,9.17,overcast clouds
694,Camp Verde,US,34.5636,-111.8543,106.23,20,66,4.25,broken clouds
695,Lalawigan,PH,11.5892,125.4697,81.23,83,16,5.79,few clouds
696,Gat,IL,31.61,34.7642,83.39,100,0,5.95,clear sky
697,Acarau,BR,-2.8856,-40.12,82.58,72,62,17.07,broken clouds
698,Uvalde,US,29.3669,-99.767,102.13,30,0,0.0,clear sky
699,Salalah,OM,17.0151,54.0924,77.09,100,100,6.91,drizzle rain
700,Morristown,US,36.214,-83.2949,86.72,61,20,8.05,few clouds
